symbol_group_name,vmsize,filesize
dmScript,639361,153217
dmGameSystem,587348,810255
[section .rodata],413292,413292
dmGraphics,227316,299090
_mbedtls_* (library),180643,223336
(anonymous namespace),131132,203208
dmGui,124884,161463
dmCrash,117098,15026
basist,113572,113994
dmGameObject,113196,160596
dmRender,109501,155493
_compress_* (library),88447,91254
std,87495,98413
_pfb,65536,66313
dmHashTable<>,58516,73654
dmPhysics,42684,63718
dmParticle,37765,47933
_cf_* (library),33036,44409
dmResource,28844,41163
dmSound,25025,32452
[section .rela.dyn],23160,23160
btConvexHullInternal,23136,25069
dmRig,22320,27323
_decompress_* (library),21732,23170
btSequentialImpulseConstraintSolver,21532,26034
btCollisionWorld,20589,30104
_load_* (library),19824,20193
dmEngine,19798,24459
btDiscreteDynamicsWorld,19352,24563
_psa_* (library),19240,24430
_GLOBAL_* (library),18604,25753
dmInput,18417,19751
libunwind,17865,21004
btConeTwistConstraint,17228,19410
dmDDF,16932,25451
[section .rela.plt],16440,16440
vwin8192,16384,16801
__cxxabiv1,16360,26409
_lua_* (library),16342,22361
btGeneric6DofSpring2Constraint,13968,17601
dmHID,12404,19213
_lib_* (library),11978,15506
_strfmt_* (library),11476,12735
btIDebugDraw,11324,13257
btHingeConstraint,11000,13123
[section .plt],10992,10992
dmEasing,10856,11111
_internal_* (library),10588,10903
dmObjectPool<>,10492,13420
b2World,10260,11631
btGeneric6DofConstraint,10032,13180
gjkepa2_impl,9736,11371
[section .dynsym],9624,9624
_luaL_* (library),9265,12323
[section .hash],9248,9248
dmHttpClient,8976,11881
dmHttpService,8768,11401
btAxisSweep3Internal<>,8612,11395
b2DynamicTree,8604,10179
FontSDFGenerate(),8584,8803
dmSoundCodec,8582,12952
btRigidBody,8384,11019
vwin4096,8192,8417
btSliderConstraint,8132,9830
dmHttpCache,7805,9753
_BC_* (library),7752,11705
_Register_* (library),7682,13578
btAlignedObjectArray<>,7540,9865
_get_* (library),7468,9637
_cxa_* (library),7230,9316
_mz_* (library),7108,8168
btConvexConvexAlgorithm,7008,9664
dmSocket,6956,10464
btDbvt,6840,8873
dmConfigFile,6652,8023
_ctype_* (library),6652,7910
_zip_* (library),6488,7280
_tinfl_* (library),6459,7142
_decl_* (library),6412,7009
dmSys,6398,8927
_alloc_* (library),6384,6852
btHashedOverlappingPairCache,6356,10535
dmBuffer,6260,8533
_create_* (library),6208,6379
btPolyhedralContactClipping,6168,7005
dmConnectionPool,6168,8003
[section .gnu.hash],5832,5832
_parse_* (library),5828,6566
btGjkPairDetector,5800,6884
b2ContactSolver,5736,6677
[section .got],5712,5712
dmPlatform,5712,18373
[section .dynstr],5652,5652
btPolyhedralConvexShape,5652,6772
b2PrismaticJoint,5640,7895
_ShaderDesc_* (library),5544,8629
[section .got.plt],5504,5504
btDbvtBroadphase,5460,7452
dmArray<>,5208,7853
dBoxBox2(),5080,5239
btCompoundShape,5076,6882
_meta_* (library),5044,6043
_process_* (library),5024,5321
btConvexConcaveCollisionAlgorithm,5016,7648
b2GearJoint,5004,6288
dmResourceMounts,5004,6771
_NodeDesc_* (library),4975,8621
_debug_* (library),4908,5698
_book_* (library),4907,5470
b2RevoluteJoint,4860,6965
dmMessage,4672,6907
b2Body,4672,5943
btCompoundCollisionAlgorithm,4608,6644
_tab_* (library),4484,5523
_cconv_* (library),4456,4995
btCompoundCompoundCollisionAlgorithm,4444,6027
btBoxShape,4420,6427
_tls13_* (library),4416,5343
_append_* (library),4396,4911
btPersistentManifold,4316,5399
btConvexPlaneCollisionAlgorithm,4316,6083
btVoronoiSimplexSolver,4288,5329
dmLiveUpdate,4256,6177
_do_* (library),4196,4305
sincos_lookup0,4143,4278
b2GridShape,4140,5965
sincos_lookup1,4135,4246
btMinkowskiPenetrationDepthSolver,4112,5103
vwin2048,4096,4184
_T_* (library),4096,10344
dmDeviceOpenSL,4064,5253
btConvexPolyhedron,4060,4886
InterpretCharString(),4056,4271
_SceneDesc_* (library),4039,7583
parse_chunk,3920,3980
_err_* (library),3916,5507
btConvexHullShape,3900,5787
b2WheelJoint,3856,5476
_mod_* (library),3768,3951
_ff_* (library),3740,7392
mdct_backward,3738,3800
dmLog,3712,4746
_expr_* (library),3668,4040
_hdr_* (library),3644,4031
_info_* (library),3631,4208
btCollisionDispatcher,3552,5792
lex_scan,3536,3593
_MaterialDesc_* (library),3508,5512
b2PulleyJoint,3508,4990
btSimulationIslandManager,3500,4775
b2Island,3368,3852
_luaopen_* (library),3322,4123
b2WeldJoint,3320,4403
b2SeparationFunction,3292,3670
_meth_* (library),3288,3905
_key_* (library),3245,3778
_sync_* (library),3241,3818
cp_next,3204,3260
b2Fixture,3196,4264
dmResourceProviderZip,3188,4383
_Emitter_* (library),3163,5179
_mul_* (library),3156,3281
_GlyphBank_* (library),3150,5875
_dsp_* (library),3140,3736
DecodeGlyf(),3108,3232
secp384r1_T,3096,3252
b2EPCollider,3096,3353
expr_binop,3088,3171
btConvexShape,3080,3904
_crt_* (library),3068,3336
btMiniSDF,3064,3272
_mac_* (library),3064,3407
_ffh_* (library),3056,4660
_tdefl_* (library),3047,3903
btGeneric6DofSpringConstraint,3016,4665
btHashMap<>,3012,3474
_glfwJoy,3008,57
ReverseHashContainer,2992,3629
btHashedSimplePairCache,2952,4069
btTriangleShape,2940,4675
b2DistanceJoint,2940,4055
btConvexHullComputer,2916,3007
char2escape,2912,2996
ProcessTrianglesAction,2896,2981
_carith_* (library),2852,3043
b2RopeJoint,2852,4028
_set_* (library),2852,4134
_mpi_* (library),2848,3490
b2PolygonShape,2840,3925
btCapsuleShape,2836,4160
_x520_* (library),2760,2851
btPoint2PointConstraint,2740,4303
btQuantizedBvh,2712,3343
_Material_* (library),2684,3714
_buf_* (library),2684,3700
_flush_* (library),2676,2840
_page_* (library),2671,3338
dmSSLSocket,2624,3256
btContinuousConvexCollision,2576,3559
b2FrictionJoint,2552,4038
_packetout,2496,2555
b2MouseJoint,2488,4225
InplaceSolverIslandCallback,2468,3163
_pcm_* (library),2442,2736
btTypedConstraint,2436,3082
_FontMap_* (library),2428,4699
btDefaultCollisionConfiguration,2380,3411
_cdata_* (library),2356,2855
btConvexInternalShape,2348,3804
SphereTriangleDetector,2344,3138
b2Contact,2337,2430
_str_* (library),2328,2846
dmLoadQueue,2328,3146
[section .gnu.version],2310,2310
_loadf_* (library),2288,2383
_ccall_* (library),2288,2419
_make_* (library),2288,2482
dmResourceProviderArchive,2264,3522
btManifoldResult,2252,3757
_file_* (library),2240,2698
dmResourceArchive,2208,3127
_x509_* (library),2204,2373
_ccallback_* (library),2204,2545
FontPackGlyphVertices(),2192,2387
init_gl,2184,2240
_sig_* (library),2176,2354
btGeometryUtil,2164,2442
basisu,2137,2803
btPolyhedralConvexAabbCachingShape,2116,2907
_stream_* (library),2114,2940
_optimize_* (library),2064,2141
vwin1024,2048,2081
btSubsimplexConvexCast,2044,2573
_glfwAndroidHandleInput,2036,2132
btCollisionObject,2024,3224
_vm_* (library),2008,3841
dmOpaqueHandleContainer<>,1988,2986
b2ChainShape,1976,3294
res_inverse,1968,2028
gridRaycast<>(),1960,2292
glfwAndroidDiscoverJoysticks,1956,2057
_next_* (library),1940,2075
_cipher_* (library),1940,2117
fs_finish,1916,1998
serialize_put,1900,1962
_FontDesc_* (library),1894,3650
btHinge2Constraint,1892,2235
_vorbis_* (library),1892,2100
btGjkEpaSolver2,1880,2171
btBvhTriangleMeshShape,1856,3122
btUniversalConstraint,1852,2257
_jpeg_* (library),1851,2287
_resample_* (library),1828,2193
_dispatch_* (library),1820,2149
btCompoundLeafCallback,1796,2217
b2Distance(),1788,1954
_raw_* (library),1785,2068
btConvexTriangleCallback,1780,2364
_app_* (library),1780,2213
btCompoundCompoundLeafCallback,1764,2047
btSphereShape,1752,2726
_compressHC_* (library),1747,2274
_Matrix4_* (library),1736,3182
_strscan_* (library),1736,1929
b2BlockAllocator,1730,1772
btSphereSphereCollisionAlgorithm,1728,3307
b2Simplex,1724,2166
_double_* (library),1700,1830
_com_* (library),1699,2658
_lsp_* (library),1676,1744
_TextureImage_* (library),1676,2465
_global_* (library),1672,2048
_VertexAttribute_* (library),1670,3162
JNIAndroidSetCommandLine,1668,1765
_TextureSet_* (library),1641,2138
_gc_* (library),1616,2259
btSphereTriangleCollisionAlgorithm,1600,3229
dmSysPosix,1576,2772
secp256r1_T,1560,1644
bcwrite_proto,1556,1618
_LOOKUP_* (library),1548,1666
_scalar_* (library),1544,1979
dmResourceProvider,1544,3262
btBoxBoxCollisionAlgorithm,1544,3051
_ct_* (library),1536,1667
btNullPairCache,1528,3747
[section .bss],1522,0
dmImage,1504,1847
strscan_dec,1496,1556
_Mesh_* (library),1490,1793
_CollisionObjectDesc_* (library),1490,2784
tcp_methods,1488,1596
b2BroadPhase,1488,2256
_TileSet_* (library),1487,2754
dmIntersection,1484,2054
cpcparser,1472,1530
btVec3PointTriDist2(),1468,1564
SelectCmap(),1468,1549
FindBernsteinRoots(),1444,1530
serialize_get,1444,1506
_bcread_* (library),1440,1504
btTransformUtil,1432,1682
expr_table,1428,1511
glfwAndroidUpdateJoystick,1424,1498
dmBlockAllocator,1408,1780
dmHashFinal64,1394,1456
b2ContactManager,1388,1855
dmHashFinal32,1386,1448
btDoSimplex3(),1376,1464
JobSystemUpdate,1376,1512
DebugDrawcallback,1372,2115
_LabelDesc_* (library),1367,2221
btCollisionShape,1356,2214
_fetch_* (library),1348,1485
_entry_* (library),1340,1919
b2TimeOfImpact(),1328,1447
[section .data.rel.ro],1328,1328
_ov_* (library),1324,1440
_func_* (library),1324,1818
optset,1312,1439
dmVMath,1312,1504
glfwOpenWindow,1300,1387
_name_* (library),1300,1431
SegmentsIntersect(),1288,1412
gc_onestep,1288,1347
Vectormath,1288,1527
_time_* (library),1286,1536
_clib_* (library),1284,1621
dmHashUpdateBuffer64,1281,1374
FontOutlineMakeYMonotonic(),1280,1396
_use_* (library),1280,1344
dmFileDescriptor,1272,1947
dmExtension,1268,2057
dmHashUpdateBuffer32,1265,1334
gcm_mask,1264,1321
b2CollidePolygons(),1248,1370
b2Joint,1248,1893
_lex_* (library),1240,1675
_SpriteDesc_* (library),1237,2127
snprintf(),1224,1648
_write_* (library),1224,1444
dmZlib,1220,1429
_calc_* (library),1220,1674
_RenderTargetDesc_* (library),1215,2205
func,1200,1637
b2EdgeShape,1200,2066
cullPoints2(),1192,1263
_luaJIT_* (library),1179,1566
btPerturbedContactResult,1172,1445
udp_methods,1168,1228
Layout<>(),1160,1279
_Unwind_* (library),1156,1852
ciphersuite_definitions,1152,1224
_ContactPointResponse_* (library),1152,1345
_obj_* (library),1140,1365
_except_* (library),1132,1132
_PropertyDeclarations_* (library),1130,1488
dmResourceProviderFile,1128,1892
mapping_inverse,1124,1212
b2CircleShape,1120,1872
_add_* (library),1112,1258
_compressHC2_* (library),1112,1540
IsBoundaryPoint(),1104,1207
_rsassa_* (library),1096,1278
btGhostObject,1096,1731
_buffer_* (library),1095,1359
btGjkConvexCast,1088,1582
_normalize_* (library),1088,1291
btAngularLimit,1088,1474
dmHashClone32,1086,1148
global_select,1084,1146
dmHashClone64,1078,1164
_fromdB_* (library),1068,1136
tokennames,1064,1147
_idct_* (library),1064,1139
crc_lookup,1059,1142
match,1052,1106
_compute_* (library),1044,1234
_RenderPrototypeDesc_* (library),1042,2228
_comment_* (library),1037,1318
LogInternal,1036,1096
_aes_* (library),1032,1378
_md_* (library),1024,1131
vwin512,1024,1080
FT0,1024,52
FT1,1024,52
FT2,1024,52
FT3,1024,52
RT0,1024,52
RT1,1024,52
RT2,1024,52
RT3,1024,52
FontTrueTypeCreate(),1020,1096
_ModelDesc_* (library),1000,1899
_SpriteGeometry_* (library),999,1524
TextLayoutLegacyCreate(),996,1126
dmPath,996,1246
_serialize_* (library),996,1411
glfwDisable,992,1052
_Property_* (library),992,1471
_CollisionShape_* (library),986,1457
_ssl_* (library),984,1366
_JNIEnv,980,1695
_Model_* (library),973,1559
dmCrypt,972,1222
dmMutex,972,1442
_Modifier_* (library),970,1544
global_data,968,108
dmHashBuffer32,963,1026
_substruct_* (library),948,1116
_sign_* (library),944,1170
btTriangleRaycastCallback,928,1299
_ecp_* (library),928,1134
_unw_* (library),928,1550
_TextureSetAnimation_* (library),910,1655
auxsort,908,988
_EmbeddedInstanceDesc_* (library),899,1595
_InstanceDesc_* (library),899,1498
K,896,1066
FindPolynomialRootPair(),896,981
floor1_inverse1,892,956
_HttpResponse_* (library),892,1238
InitCFF1Font(),884,978
_build_* (library),880,1140
dmHashReverseErase64,877,994
dmHashReverseErase32,877,946
Blend(),872,951
dmAndroid,868,1516
_state_* (library),864,1330
dmGameSystemDDF,864,3612
_Animation_* (library),862,1513
b2WorldManifold,844,960
FontGenerateGlyph(),844,954
InitCFF2Font(),836,906
_glfwInput,832,59
_Texture_* (library),829,1598
btTriangleConvexcastCallback,828,1234
_PlaySound_* (library),827,1676
_SoundDesc_* (library),827,1603
_prf_* (library),820,1010
_verify_* (library),820,1039
_packed_* (library),812,887
_CameraDesc_* (library),812,1416
dmHashReverse32Alloc(),810,900
dmHashReverse64Alloc(),810,900
_traverse_* (library),808,1006
_unused_* (library),804,876
_CollectionInstanceDesc_* (library),801,1384
_CollectionDesc_* (library),801,1344
optget,800,927
btBridgedManifoldResult,800,1070
_ComponentDesc_* (library),796,1198
_StreamDesc_* (library),794,1101
btUnionFind,792,1173
dmHashBuffer64,791,878
_unroll_* (library),788,852
bit_funcs,784,842
cp_declarator,780,842
propagatemark,780,842
btGjkEpaPenetrationDepthSolver,776,1143
_vmeta_* (library),772,2300
dmTransform,764,976
dmThread,764,1226
_profile_* (library),764,975
_ext_* (library),760,826
_Bone_* (library),751,1085
glfwAndroidHandleInput,748,843
_zbuild_* (library),748,843
insertleaf(),748,836
tremolo_mergesort,748,814
dmZip,748,1713
operator new(),746,1105
ANativeActivity_onCreate,745,818
_initialize_* (library),744,839
dmURI,744,904
glfwAndroidFlushEvents,736,807
dmHashReverse32,732,820
dmHashReverse64,732,820
btBoxBoxDetector,732,1212
_TileCell_* (library),726,1449
_TextureTransform_* (library),726,1468
lj_bcread,720,778
_ContactPoint_* (library),720,897
_handshake_* (library),716,783
_Iridescence_* (library),716,1291
_emutls_* (library),713,1015
expr_primary,712,773
_MeshDesc_* (library),711,1470
_SetCamera_* (library),711,1211
_Reboot_* (library),708,1423
_Cubemap_* (library),708,1402
[section .init_array],704,704
_gl_* (library),704,1074
_ResourceEntry_* (library),703,1129
_EmbeddedComponentDesc_* (library),702,1240
FontTrueTypeGetGlyphIndex(),696,814
b2GridAndPolygonContact,696,1209
_Sampler_* (library),694,1283
dmHashInit64,693,802
dmHashInit32,693,754
b2GridAndCircleContact,692,1200
b2StackAllocator,692,1099
b2Mat33,692,1011
BuildSimpleContours(),684,817
btClosestNotMeConvexResultCallback,680,1134
PushCommand(),676,938
addInputEvents,676,739
GetGlyphTTF(),672,775
res_unpack,671,730
JobSystemSetParent,668,759
lex_number,668,727
_cjson_* (library),668,798
parse_body,664,723
b2ChainAndPolygonContact,664,1206
b2CollidePolygonAndCircle(),660,804
b2ChainAndCircleContact,660,1173
btEmptyAlgorithm,660,1839
_ctx_* (library),660,1299
dmHashRelease32,656,720
dmHashRelease64,656,720
_Value_* (library),654,1004
glfwAndroidUpdateDpad,652,722
JobSystemCreate,648,712
dmConditionVariable,648,1165
b2PositionSolverManifold,644,784
btAxisSweep3,644,979
__udivmodti4,640,701
b2CollideEdgeAndCircle(),636,774
jc,636,799
decode_map,628,687
_prng_* (library),628,817
_TileLayer_* (library),627,1190
PutDone(),624,722
intersectRectQuad2(),624,702
_RigAnimation_* (library),624,841
_SetGridShapeHull_* (library),624,809
oggpack_look,621,682
BlurBitmapChannel(),620,698
_bc_* (library),616,709
_Create_* (library),614,979
_Clearcoat_* (library),610,1014
_PbrMetallicRoughness_* (library),610,1010
btHeightfieldTerrainShape,608,765
ResourceChunkCachePut(),608,726
_IK_* (library),607,941
_LuaModule_* (library),606,1043
_PbrSpecularGlossiness_* (library),605,902
btComputeSupport(),604,735
_drbg_* (library),604,677
capsuleCapsuleDistance(),600,715
_InputBinding_* (library),600,821
_RayCastResponse_* (library),600,783
_vmevent_* (library),600,731
bcemit_store,596,657
_gxx_* (library),589,758
lex_longstring,588,675
_alg_* (library),588,663
[LOAD #1 [RX]],588,588
_aead_* (library),580,719
_LuaSource_* (library),578,829
_classify_* (library),576,646
btMatrix3x3,576,917
PushSegment(),572,712
ll_loadfunc,572,632
floor1_inverse2,568,632
mgf_mask,564,621
_TextureFormatAlternative_* (library),561,1089
b2FindMaxSeparation(),560,674
_bisect_* (library),560,633
global_connect,560,623
_check_* (library),556,709
GetCFFGlyphForStandardCode(),552,649
_crypt_* (library),552,896
_TileGrid_* (library),550,1008
_glfwAndroidPlatformGetWindowRefreshRate,548,637
bit_tohex,548,606
floor0_inverse1,544,639
dmTrigLookup,544,725
[section .dynamic],544,544
ExtendCubicAxisBounds(),536,650
engine_main(),536,604
dmPPrint,536,821
FontTrueTypeGetGlyphBox(),532,635
parse_assignment,532,597
_PlatformProfile_* (library),530,840
_Struct_* (library),530,975
SelectAndPopJob(),528,627
_de_* (library),528,685
_Point3_* (library),524,1017
_Quat_* (library),524,1016
_Vector4One_* (library),524,1085
_Vector3_* (library),524,999
btSingleContactCallback,524,790
_Vector3One_* (library),524,1019
_Vector4WOne_* (library),524,1004
_Vector4_* (library),524,975
FontOutlineBoundsQuadraticTo(),520,642
CancelJobInternal(),520,611
b2EdgeAndPolygonContact,520,1033
b2PolygonContact,520,998
_ManifestHeader_* (library),519,1083
AppendOutline(),516,618
JobSystemPushJob,516,581
b2PolygonAndCircleContact,516,1039
b2EdgeAndCircleContact,516,1024
_Volume_* (library),514,906
_TextureView_* (library),514,886
vwin256,512,544
_RigScene_* (library),512,1095
b2CircleContact,512,1009
dmPhysicsDDF,512,2180
_Specular_* (library),509,765
_Sheen_* (library),509,757
btTransform,508,794
CreateGLSurfaceForWindow,508,581
_find_* (library),508,569
err_unwind,508,567
b2Draw,508,922
ResourcePreloader,508,658
_PropertyDeclarationEntry_* (library),506,818
_ManifestData_* (library),506,801
operator delete(),505,910
operator delete[](),505,910
_glfwAndroidHandleCommand,504,578
DictGet(),504,572
_CollisionResponse_* (library),504,691
_GamepadMapEntry_* (library),504,683
_EventKey_* (library),499,933
ResourceChunkCacheEvictMemory(),488,616
bcread_fill,484,544
touchById,484,542
_GamepadMapRuntime_* (library),484,888
_GamepadMap_* (library),484,833
opt_setmembership,480,546
_TriggerResponse_* (library),480,663
btDbvtTreeCollider,480,846
parse_args,476,535
_grow_* (library),472,563
_glfwAndroidPlatformSwapBuffers,472,552
oggbyte_read4,472,534
oggbyte_set4,472,533
LZ4_loadDictHC,471,534
glfwCreateJoystickDeviceGuid,468,545
__int128,467,869
long double,467,845
unsigned char,467,845
unsigned long long,467,845
void,467,845
long long,467,828
char,467,827
unsigned int,467,827
unsigned __int128,467,826
bool,467,821
float,467,821
short,467,821
wchar_t,467,821
__float128,467,797
double,467,797
int,467,797
long,467,797
signed char,467,797
unsigned long,467,797
unsigned short,467,797
FontLoadFromMemoryTTF(),460,542
_clear_* (library),458,712
PointVariableCurveDistanceSquaredFromRoots(),456,605
_token_* (library),456,525
JobSystemDestroy,456,521
fpconv_strtod,456,518
_ContactPointEvent_* (library),456,643
_RequestRayCast_* (library),456,637
_MeshSet_* (library),456,629
glfwGetTouch,452,513
final_gl,452,509
operator new[](),450,724
_glfwAndroidGetSafeAreaInsets,448,550
FindCurveCrossingX(),448,539
ParsePrivate(),444,546
_ip6_* (library),444,514
gola_fixup,444,503
_width_* (library),440,513
dmPoolAllocator,440,695
_ManifestFile_* (library),437,738
_SplinePoint_* (library),437,706
_HttpRequestProgress_* (library),434,761
_glfwPlatformInit,432,498
_SetConstantParticleFX_* (library),432,633
ProcessOneJob(),428,515
_push_* (library),428,489
ov_bitrate,427,486
[section .data],427,427
ctoknames,424,506
_cur_* (library),424,489
_ConvexHull_* (library),424,888
b2ContactListener,424,1057
_glfwPlatformTerminate,420,522
FontGetOutlineBounds(),420,519
_StartRecord_* (library),420,876
_malloc_* (library),416,641
_CollectionFactoryDesc_* (library),414,1002
_FactoryDesc_* (library),414,904
ResourceChunkCacheEvictPathHash(),412,518
btVec3PointSegmentDist2(),412,509
inet_pushresolved,412,478
meth_receivefrom,412,477
CreateGLSurface,412,476
_array_* (library),412,476
_DrawDebugText_* (library),410,702
_ComponentPropertyDesc_* (library),410,718
_PrototypeDesc_* (library),410,716
_ComputeDesc_* (library),410,683
_free_* (library),410,659
ProcessVBoundsAction,408,522
removeleaf(),408,493
_lookup_* (library),408,468
_ScriptMessage_* (library),408,605
_AnimationTrack_* (library),408,581
_DrawLine_* (library),408,575
_Transform_* (library),408,567
FontOutlineBoundsCubicTo(),404,549
_glfwAndroidPlatformOpenWindow,404,483
_struct_* (library),404,467
collect_fd,404,463
_dynamic_* (library),403,466
searchpath,400,459
cp_errmsg,400,458
_ctr_* (library),396,501
_index_* (library),396,459
_PlayAnimation_* (library),394,803
_aarch64_* (library),393,828
FontTrueTypeGetGlyphOutline(),392,502
socket_sendto,392,454
meth_sendto,392,452
btConvexCast,392,1098
_Cue_* (library),391,722
_packet_* (library),391,530
glfwEnable,388,447
_PropertyDesc_* (library),388,758
_glfwParseGLVersion,384,452
ConfigFileGetFloat,384,451
JobSystemCreateJob,384,451
socket_recvfrom,384,448
expr_toreg,384,443
_SetViewProjection_* (library),384,601
_TriggerEvent_* (library),384,561
btSingleSweepCallback,384,644
dmUtf8,384,666
_ResetConstant_* (library),384,744
meth_receive,376,509
dmStrError(),376,443
socket_send,376,436
btSingleRayCallback,376,630
_base_* (library),376,512
glfwExtensionSupported,372,443
ConfigFileGetInt,372,437
debug_localname,372,436
_mem_* (library),372,557
ConvertPolynomialToBernstein(),368,480
socket_connect,368,431
socket_recv,368,428
gc_mark,368,424
b2ContactFilter,364,681
_DisplayProfileQualifier_* (library),362,669
SetIntersectionSegmentBounds(),360,459
unwind_phase2,360,422
BroadphaseRayTester,360,631
BroadphaseAabbTester,360,610
_Collision_* (library),360,531
btPointCollector,360,799
_callback_* (library),356,421
strscan_hex,356,416
_std_* (library),356,477
GBGetGlyph(),352,454
ParseIndex(),352,444
inet_trybind,352,413
newtab,352,407
dmRenderDDF,352,1403
TestInternalObjects(),348,479
_len_* (library),348,433
glfwWaitForAndroidWindow,348,421
BuildDistancePolynomial(),344,459
b2EdgeSeparation(),344,454
stbi__get16be(),344,427
glfwOpenWindowHint,344,411
_glfwShowKeyboard,344,410
_g_* (library),344,473
_call_* (library),340,430
_terminate_* (library),340,423
FontTrueTypeGetFaceCount(),340,421
gc_finalize,340,400
_glfwPlatformGetJoystickButtons,336,440
_ktabk_* (library),336,410
_toreg_* (library),336,404
_MorphWeightTrack_* (library),336,513
b2Timer,336,588
_CHARSET_* (library),332,405
_select_* (library),332,396
_sw_* (library),332,391
btActivatingCollisionAlgorithm,332,839
btSolverBody,328,428
_gather_* (library),328,400
_start_* (library),328,399
auxiliar_tostring,328,394
entropy_update,328,391
parse_label,328,388
[section .text],328,328
_SetParent_* (library),326,713
SplitIntersectionSegment(),324,426
socket_accept,324,410
debug_putchunkname,324,391
meth_setpeername,324,389
PushOutlineCommand(),320,471
meth_send,320,426
meth_accept,320,404
cpwriter,320,401
_opaque_* (library),320,391
glfwGetWindowParam,320,387
poly1305_process,320,385
expr_discharge,320,383
mmap_probe,320,379
lj_parse,320,377
_zdefault_* (library),320,472
_Transmission_* (library),317,584
ResourceChunkCacheGet(),316,434
debug_framepc,316,378
_sub_* (library),316,376
close_state,316,376
tcp_create,316,375
_CollectionProxyDesc_* (library),316,768
_SpriteTexture_* (library),316,697
_PathSettings_* (library),316,670
_DisplayProfile_* (library),314,633
_InstancePropertyDesc_* (library),314,619
_DisplayProfiles_* (library),314,607
_TextureProfile_* (library),314,582
_AnimationSetDesc_* (library),314,593
_Data_* (library),314,567
_DrawText_* (library),314,567
dmHashBufferNoReverse64,312,384
Particle_IsSleeping,312,380
_ParticleFX_* (library),312,511
_VelocityResponse_* (library),312,497
_CollisionEvent_* (library),312,493
_TextureProfiles_* (library),312,491
_ApplyForce_* (library),312,485
_Skeleton_* (library),312,473
PointCurveDistanceSquaredFromRoots(),308,436
FontLoadFromMemory(),308,386
ciphersuite_preference,308,379
rsa_unblind,308,368
cpparser,308,365
timeout_getretry,304,393
meth_connect,304,365
copy_slot,304,362
_decode_* (library),300,392
RecvTimeout(),300,371
abort_message,300,362
bcwrite_ktabk,300,362
btCollisionAlgorithm,300,648
_fff_* (library),300,694
sprintf(),296,454
FontCreateGlyphVertexDeclaration(),296,413
TextToCodePoints(),296,380
nd_mul2k,296,353
_phase2_* (library),292,361
inet_tryconnect,292,356
_auth_* (library),292,355
_KeyTrigger_* (library),290,596
_GamepadTrigger_* (library),290,560
_MouseTrigger_* (library),290,554
_TouchTrigger_* (library),290,554
_TextTrigger_* (library),290,551
oggpack_read,289,350
dmHashEnableReverseHash,288,360
ctype_preptype,288,351
strscan_bin,288,348
bit_band,288,345
bit_bxor,288,345
bit_bor,288,344
_EventTrack_* (library),288,477
dmGameObjectDDF,288,1230
dmSystemDDF,288,1153
FontOutlineBoundsMerge(),284,385
hash_mprime,284,344
ov_read,284,340
_glfwAndroidSetFullscreenParameters,280,364
bcemit_INS,280,363
_glfwTerminateJoysticks,280,352
fscope_end,280,339
make_assoc,280,339
_192_* (library),280,774
_256_* (library),280,774
_128_* (library),280,750
dmArrayUtil,276,365
LZ4_compressHC2,276,340
HttpAddHeader,276,338
gola_resolve,276,337
DefoldError,276,336
JobThread(),276,408
b2DistanceProxy,272,357
_calculate_* (library),272,355
aes_info,272,353
oggpack_readinit,269,334
LZ4_loadDict,269,330
AccumulatePointDistanceSquared(),268,391
b2WorldRayCastWrapper,268,380
buf_grow,268,349
ConfigFileGetString,268,336
bcemit_branch,268,330
FontCollectionAddFont(),264,361
gc_freefunc,264,348
_glfwAndroidSetInputMethod,264,339
ContextRegistrySetByHash,264,337
onSaveInstanceState,264,332
ExtensionRegister,264,330
onDestroy,264,322
mask,264,317
_WindowResized_* (library),264,465
_SetTexture_* (library),264,457
_ResetConstantParticleFX_* (library),264,469
_EnableGridShapeLayer_* (library),264,481
_SetTimeStep_* (library),264,455
_ComponenTypeDesc_* (library),264,485
_AnimationDone_* (library),264,449
_ModelAnimationDone_* (library),264,449
_ConvexShape_* (library),264,439
_LayoutChanged_* (library),264,435
_Trigger_* (library),264,431
_Resize_* (library),264,427
dmEngineCreate(),260,337
_glfwPlatformGetJoystickPos,260,336
auxiliar_newclass,260,326
zip_openwitherror,260,326
debug_varname,260,322
gc_sweep,260,317
_onCreate_* (library),260,143
dmEngineService,260,997
LZ4_slideInputBufferHC,259,354
_char_* (library),257,318
GetSubroutine(),256,366
bcemit_nil,256,339
_ENCODING_* (library),256,332
dmHashBufferNoReverse32,256,328
_glfwResetKeyboard,256,323
strbuf_resize,256,318
vwin128,256,312
_ulp_* (library),256,293
rescale_n,256,290
FSb,256,52
RSb,256,52
g_Listeners,256,60
_zdist_* (library),256,397
LZ4_resetStreamStateHC,255,326
LZ4_compressHC,255,318
oggpack_adv,252,312
resizestack,252,312
ffh_pairs,252,310
_cont_* (library),252,606
__lttf2,248,433
dmEngineGetResult(),248,355
matrixToEulerXYZ(),248,343
auxiliar_checkgroup,248,316
_lightud_* (library),248,314
assign_adjust,248,310
make_current,248,309
setjitmode,248,307
gola_new,248,305
_glfwWin,248,57
_zlength_* (library),248,393
LZ4_saveDictHC,247,310
b2ClipSegmentToLine(),244,346
_YCbCr_* (library),244,333
dmStrTok(),244,312
socket_gaistrerror,244,311
meth_setsockname,244,309
dmTime,244,459
Particle_GetInstanceStats,242,323
matchbracketclass,240,306
ctype_prepqual,240,303
jmp_patchval,240,301
lj_bcwrite,240,299
udp_create,240,299
cpluaopen,240,298
meth_bind,240,298
var_new,240,296
ResourceChunkCacheDestroy(),236,335
_branch_* (library),236,300
adjuststack,236,296
glfwCrc16,236,294
gcm_mult,236,293
_egl_* (library),236,456
_update_* (library),236,460
ov_comment,235,294
ov_clear,233,290
_validate_* (library),232,330
bcread_ktabk,232,317
JNIAttachCurrentThreadIfNeeded,232,311
_socket_* (library),232,300
ffi_checkctype,232,295
socket_select,232,294
tcp_open,232,289
udp_open,232,289
ov_info,232,288
_resetStreamHC_* (library),231,302
_shift_* (library),229,294
HttpService,228,342
onContentRectChanged,228,297
ffh_resume,228,287
index2adr,228,286
btCollisionPairCallback,228,500
_setkey_* (library),226,572
CreateGlyphBankFont(),224,325
dmExportedSymbols,224,314
_pkcs_* (library),224,289
process_cmd,224,284
err_argmsg,224,283
ffi_pairs,224,282
lj_cparse,224,282
err_msgv,224,281
_SetSpeed_* (library),221,513
_SoundEvent_* (library),221,492
_StopSound_* (library),221,494
_EmissiveStrength_* (library),221,503
_SetGain_* (library),221,485
_SetPan_* (library),221,476
_SetVsync_* (library),221,485
_Ior_* (library),221,446
CurveTo(),220,315
bit_rol,220,300
jmp_patchtestreg,220,285
_glfwPreMain,220,281
_PauseSound_* (library),218,516
_StopParticleFX_* (library),218,512
_AnimationInstanceDesc_* (library),218,506
_SetText_* (library),218,480
_Reload_* (library),218,476
meth_getfamily,216,327
bit_rshift,216,323
meth_setfd,216,323
bit_lshift,216,299
bit_ror,216,296
process_input,216,278
bit_arshift,216,276
lex_newline,216,276
reader_func,216,276
_GamepadMaps_* (library),216,411
_SetScale_* (library),216,415
_GamepadMapsRuntime_* (library),216,401
_udata_* (library),216,339
_RunScript_* (library),216,390
_BufferDesc_* (library),216,387
_ClearColor_* (library),216,387
_AnimationSet_* (library),216,385
_ListValue_* (library),216,385
_resetStream_* (library),213,282
b2TestOverlap(),212,311
_glfwRefreshContextParams,212,286
lex_skipeq,212,271
Particle_SetPosition,209,278
floor0_inverse2,208,296
glfwAndroidPollEvents,208,278
package_lib,208,268
dmDoubleLinkedList,208,610
Particle_NewPrototype,206,276
_ZN12_* (library),204,504
b2CollideCircles(),204,324
IndexGet(),204,308
_is_* (library),204,275
_randomize_* (library),204,270
finalize,204,261
_test_* (library),203,330
dmHashReverseSafe32Alloc,201,274
dmHashReverseSafe64Alloc,201,274
Particle_SetRotation,201,270
gc_sweepstr,200,260
meth_listen,200,260
strscan_oct,200,260
hash_dense,200,259
max_expand,200,259
protected_,200,259
getfd,200,254
hookf,200,254
_can_* (library),200,444
_have_* (library),196,266
strscan_double,196,259
fs_init,196,252
cpcall,196,251
Particle_SetScale,194,260
onWindowFocusChanged,192,285
sort_comp,192,250
classend,192,249
setpath,192,248
_ScriptUnrefMessage_* (library),192,399
_ResetConstantTileMap_* (library),192,391
_ProxyLoading_* (library),192,385
_SetFlipHorizontal_* (library),192,385
_ProxyError_* (library),192,381
_SetFlipVertical_* (library),192,381
_SetUpdateFrequency_* (library),192,379
_GamepadModifier_* (library),192,375
_HashDigest_* (library),192,371
_RayCastMissed_* (library),192,371
_Exit_* (library),192,351
dmHashContainer(),192,194
LZ4_createHC,189,250
dLineClosestApproach(),188,287
stbi__get8(),188,268
FindTable(),188,261
glfwAccelerometerEnable,188,260
HttpSetRequestBody,188,255
_multiply_* (library),188,255
dmStrTrim(),188,255
oggbyte_read1,188,250
callhook,188,245
LZ4_saveDict,185,246
btSdfCollisionShape,184,288
MoveTo(),184,274
GBGetGlyphIndex(),184,260
EngineMainThread(),184,256
dmSnPrintf(),184,254
auxiliar_checkclass,184,252
dmStrlCat(),184,251
debug_getupvalue,184,249
LooperCallback,184,247
dmSpinlock,184,527
JobContext,180,272
bcemit_jmp,180,263
_driver_* (library),180,257
glfwAndroidHandleCommand,180,253
HttpNewRequest,180,243
hash_sparse,180,240
socket_bind,180,240
expr_index,180,239
hashkey,180,236
die,180,232
LZ4_resetStreamHC,178,244
Particle_ReloadPrototype,177,250
meth_getfd,176,283
computeIconifiedState,176,246
socket_listen,176,238
dmRecord,176,593
_SUBSET_* (library),174,278
LZ4CompressBuffer,174,240
LZ4_compress,173,234
meth_dirty,172,279
onNativeWindowRedrawNeeded,172,247
_finish_* (library),172,244
onNativeWindowResized,172,242
_for_* (library),172,239
socket_strerror,172,236
meth_close,168,275
_pk_* (library),168,251
_glfwAndroidVerifySurfaceError,168,247
glfwAndroidIsWindowCurrent,168,243
onConfigurationChanged,168,239
auxiliar_checkboolean,168,238
socket_ioerror,168,231
cur_topslot,168,228
onLowMemory,168,228
lex_more,168,225
Particle_GetTileSource,167,238
Particle_SetTileSource,167,238
Particle_SetMaterial,165,258
Particle_GetMaterial,165,234
DestroyRequest(),164,245
push_onecapture,164,228
_glfwInputKey,164,226
push_captures,164,226
_apply_* (library),164,226
panic,164,218
LZ4_initStreamHC,161,226
meth_getoption,160,271
meth_setoption,160,271
btTripleCross(),160,247
_glfwPlatformGetJoystickParam,160,238
dmEngineInitialize(),160,238
_heap_* (library),160,228
match_class,160,220
lex_match,160,218
rmtp_CollectionProxy(),160,376
findfile,160,217
rmtp_DispatchCalls(),160,370
rmtp_ParticleFx(),160,385
rmtp_DrawCalls(),160,358
rmtp_Tilemap(),160,352
rmtp_Sprite(),160,349
rmtp_Model(),160,346
rmtp_Sound(),160,346
rmtp_Mesh(),160,340
dmCollectionProxyDDF,160,692
Particle_GetTileSourcePath,159,258
Particle_GetMaterialPath,157,230
FontCollectionRemoveFont(),156,256
load_aux,156,237
ContextRegistryGet,156,223
inet_trydisconnect,156,223
profile_signal,156,219
direct_alloc,156,217
strbuf_new,156,215
getfield,156,213
glfwInit,156,213
dmMemory,156,315
rmtp_Gui(),156,347
Particle_GetStats,154,220
Particle_NewPrototypeFromDDF,153,254
_android_* (library),152,463
meth_getpeername,152,289
meth_getsockname,152,265
meth_settimeout,152,264
btAlignedAllocDefault(),152,229
error_finalizer,152,216
SensorCallback,152,215
inet_tryaccept,152,215
jmp_append,152,211
stack_init,152,211
mksymname,152,210
clib_new,152,209
_glfwAndroidPlatformVerifySurface,148,230
rmtp_Particles(),148,377
_glfwAndroidAcquireWindow,148,222
rmtp_Render(),148,361
LZ4DecompressBuffer,148,216
socket_shutdown,148,212
_cparse_* (library),148,211
bit_bswap,148,206
bit_bnot,148,205
rmtp_Components(),148,349
rmtp_GameObject(),148,363
rmtp_Graphics(),148,343
rmtp_Message(),148,340
rmtp_Script(),148,337
FontOutlineBoundsMoveTo(),144,282
FontOutlineBoundsLineTo(),144,258
TextLayoutRelease(),144,227
_glfwAndroidPlatformOnTermWindow,144,225
TimingGetDelayCallback(),144,222
_glfwInputMouseClick,144,213
glfwGetJoystickPos,144,211
ov_serialnumber,144,208
expr_toanyreg,144,206
b2Log(),144,205
expr_field,144,203
bit_tobit,144,202
expr_list,144,202
package_global,144,183
_jit_* (library),144,277
Particle_CreateContext,143,214
FontTrueTypeGetGlyphHMetrics(),140,242
LineTo(),140,230
Particle_GenerateVertexData,140,216
_glfwPlatformOpenWindow,140,212
glfwGetJoystickButtons,140,211
HttpSetResponsePath,140,208
glfwGetJoystickHats,140,208
expr_tonextreg,140,203
meth_shutdown,140,202
HttpSetProxy,140,201
jmp_novalue,140,200
setintfield,140,200
_bitrate_* (library),139,206
_ZTIPKDh,137,194
_ZTIPKDi,137,194
_ZTIPKDn,137,194
_ZTIPKDs,137,194
_ZTIPKDu,137,194
ResourceTypeContextGetContextByHash(),136,247
recursedeletenode(),136,228
glfwSwapBuffers,136,224
_glfwAndroidPlatformSwapInterval,136,217
_ZTIPDh,136,216
_ZTIPDi,136,216
_ZTIPDs,136,216
_determine_* (library),136,206
ResourceTypeTTF,136,200
HttpSetMethod,136,198
HttpSetURL,136,195
gola_close,136,195
_ZTIPDn,136,192
_ZTIPDu,136,192
package_loaders,136,176
[section .eh_frame],136,136
LZ4_initStream,135,198
_open_* (library),134,200
dLib,133,427
ResourceRegisterTypeCreatorDesc(),132,281
FontGetGlyph(),132,234
JobSystemCancelJob,132,199
treatstackoption,132,197
cconv_childqual,132,196
ctype_prepstr,132,194
ffi_checkptr,132,193
gc_mayclear,132,192
jmp_dropval,132,192
ov_open,132,188
LZ4_createStream,129,194
TextLayoutAcquire(),128,211
bcread_error,128,189
strbuf_free,128,188
vwin64,128,183
ComponentTypeAnim64,128,68
ComponentTypeGui3889,128,69
ComponentTypeLight254,128,70
ComponentTypeMesh1206,128,70
ComponentTypeParticleFX1246,128,76
ComponentTypeScript65,128,70
ComponentTypeSound574,128,70
ComponentTypeTileMap1068,128,73
LiveUpdateExt294,128,65
ResourceTypeAnim35,128,67
ResourceTypeAnimationSet103,128,76
ResourceTypeCollection378,128,74
ResourceTypeFont1050,128,69
ResourceTypeGameObject230,128,74
ResourceTypeGui347,128,67
ResourceTypeGuiScript158,128,73
ResourceTypeLight280,128,69
ResourceTypeLua195,128,67
ResourceTypeOgg410,128,67
ResourceTypeOpus411,128,68
ResourceTypeParticleFX161,128,74
ResourceTypeScript151,128,70
ResourceTypeTileMap269,128,71
ResourceTypeWav412,128,67
ScriptTypesExt160,128,66
g_OTFResourceTypeDesc,128,75
g_TTFResourceTypeDesc,128,75
_miniz_* (library),128,345
Particle_GenerateVertexDataPartial,127,210
LZ4MaxCompressedSize,125,194
_glfwAndroidPlatformCloseWindow,124,204
_mad4sizes_* (library),124,204
_mad3sizes_* (library),124,203
ResourceChunkCacheCreate(),124,202
socket_gethostbyaddr,124,193
GetEglFailureResult,124,192
auxiliar_add2group,124,191
auxiliar_typeerror,124,191
glfwGetMouseButton,124,191
glfwSetWindowSize,124,190
glfwCloseWindow,124,188
reader_file,124,184
loaderror,124,182
countint,124,181
str2num,124,180
cp_add,124,179
Particle_SetRenderConstant,123,198
LZ4_createStreamHC,123,190
LZ4_create,123,182
LZ4_compressBound,122,188
oggpack_bytes,122,184
HttpNewServiceWithCacheInternal,120,224
JNIAttachCurrentThread,120,191
socket_gethostbyname,120,189
dmStrlCpy(),120,187
JNIGetMethodID,120,183
ffi_checkint,120,181
emptybuffer,120,180
select_open,120,180
glfwGetKey,120,179
inet_open,120,178
LZ4_decoderRingBufferSize,118,216
oggpack_bits,117,178
_glfwAndroidPlatformAfterFlushEvents,116,201
const_gc,116,197
_type_* (library),116,185
gola_findlabel,116,179
global_newtry,116,178
start_capture,116,178
ScriptHttp,116,175
cp_line,116,172
var_add,116,172
LiveUpdateExt,112,198
_extract_* (library),112,193
_glfwPlatformGetAcceleration,112,189
_glfwPlatformGetJoystickHats,112,189
dmHashReverseSafe32,112,180
dmHashReverseSafe64,112,180
timeout_markstart,112,178
HttpPushRequest,112,176
_glfwInitTimer,112,175
_table_* (library),112,246
Particle_WriteAttributeToScratchBuffer,111,198
barklook,110,167
Particle_GetEmitterCount,109,182
JNIAndroidFreeCommandLine,108,206
dmEngineUpdate(),108,200
expr_bracket,108,193
io_tofilep,108,191
_glfwPlatformPollEvents,108,180
onNativeWindowCreated,108,178
LZ4_setStreamDecode,108,176
onInputQueueCreated,108,176
ScriptBullet3DExt,108,174
ScriptBox2DExt,108,171
ScriptImageExt,108,171
ScriptModelExt,108,171
ScriptTypesExt,108,171
_mark_* (library),108,171
socket_destroy,108,171
_seek_* (library),108,169
buffer_tobuf,108,169
parse_block,108,168
strbuf_init,108,168
ScriptFont,108,167
cp_tok2str,108,167
CrashExt,108,165
ov_test,108,164
LZ4_resetStreamState,105,174
_Components_* (library),104,647
glfwGetJoystickDeviceGuid,104,202
dmEngineDestroy(),104,197
dmLZ4,104,190
_glfwAndroidPlatformOnInitWindow,104,185
_glfwPlatformGetJoystickDeviceId,104,185
WindowCreateParamsInitialize,104,181
FontDestroyTTF(),104,178
inet_optfamily.optname,104,175
meth_shutdown.methods,104,174
ScriptLibParticleFX,104,172
ScriptLibTileMap,104,169
_ru124_* (library),104,169
glfwGetMousePos,104,168
unwindstack,104,164
parse_then,104,163
profile_state,104,62
Particle_ResetAttributeScratchBuffer,101,186
Particle_GetVertexBufferSize,101,178
LZ4_freeStreamDecode,101,170
FontCollectionGetFont(),100,192
TextLayoutLegacyFree(),100,187
Particle_GetContextMaxParticleCount,100,184
Particle_SetContextMaxParticleCount,100,184
const_num,100,182
timeout_gettime,100,164
expr_cond,100,158
DecryptXTeaCTR,99,162
dmHashString32,99,162
dmHashString64,99,162
_ilog,98,152
LZ4_freeStreamHC,97,162
_PlayParticleFX_* (library),96,210
_AcquireInputFocus_* (library),96,189
_ReleaseInputFocus_* (library),96,189
_ProxyReady_* (library),96,187
_AcquireCameraFocus_* (library),96,187
_ReleaseCameraFocus_* (library),96,187
_ModelCancelAnimation_* (library),96,187
_TogglePhysicsDebug_* (library),96,186
_Disable_* (library),96,185
_Enable_* (library),96,184
_RequestVelocity_* (library),96,184
_ResumeRendering_* (library),96,183
_ToggleProfile_* (library),96,181
_StopRecord_* (library),96,178
_HideApp_* (library),96,175
Particle_CreateInstance,96,168
FontDestroy(),96,166
ContextRegistrySet,96,163
glfwGetWindowSize,96,162
_wu124_* (library),96,161
socket_create,96,158
global_skip,96,156
singlematch,96,156
dmGamesysDDF,96,398
[section .gnu.version_r],96,96
supported_ciphersuites,96,71
_ZTIDu,95,174
LZ4_freeStream,95,158
_ZTIDh,95,150
_ZTIDi,95,150
_ZTIDn,95,150
_ZTIDs,95,150
_uncompress_* (library),93,174
ContextRegistryDestroy,92,187
ChunkComparePathOffsetFn(),92,176
CProfileSample,92,336
TimingSetDelayCallback(),92,172
mbedtls_debug(),92,169
glfwSetMarkedTextCallback,92,166
glfwSetWindowSizeCallback,92,166
LZ4_sizeofStreamStateHC,92,164
glfwSetGamepadCallback,92,163
btAllocDefault(),92,161
glfwSetCharCallback,92,160
glfwSetWindowPos,92,157
bcreg_reserve,92,154
emutls_init,92,152
parse_break,92,152
LZ4_createStreamDecode,91,186
EncryptXTeaCTR,91,154
LZ4_freeHC,91,150
Particle_ResetRenderConstant,89,166
b2CollideEdgeAndPolygon(),88,228
lex_str,88,168
b2PairLessThan(),88,167
_glfwAndroidIsAppResumed,88,161
glfwReleaseAndroidWindow,88,161
onNativeWindowDestroyed,88,160
onInputQueueDestroyed,88,158
auxiliar_setclass,88,154
_glfwInputChar,88,151
ffi_checkcdata,88,151
_on_* (library),88,196
LZ4_sizeofStreamState,86,156
LZ4_sizeofStateHC,86,152
LZ4_versionString,86,152
Particle_DeletePrototype,85,158
Particle_DestroyInstance,85,158
LZ4_slideInputBuffer,85,154
FontOutlineBoundsGet(),84,189
FontGetPathHash(),84,158
Particle_DestroyContext,84,156
Particle_ReloadInstance,84,156
HttpSetChunkedTransfer,84,155
FontGetPath(),84,154
FontGetType(),84,154
HttpSetReportProgress,84,154
HttpSetIgnoreCache,84,151
glfwGetMouseWheel,84,150
glfwIconifyWindow,84,150
zip_close,84,149
LZ4_resetStream,84,148
floor0_memosize,84,148
err_limit,84,142
onResume,84,141
onPause,84,140
onStart,84,140
onStop,84,139
Particle_RenderEmitter,83,154
Particle_ResetInstance,83,154
Particle_StartInstance,83,154
Particle_StopInstance,82,152
LZ4_versionNumber,82,148
global_create6,80,191
global_create,80,190
FontCollectionDestroy(),80,171
FontTrueTypeDestroy(),80,167
ProfileLogText(),80,156
dmEngineFinalize(),80,156
glfwGetWindowRefreshRate,80,153
socket_setnonblocking,80,150
glfwGetProcAddress,80,147
LZ4_sizeofState,80,144
debug_frameline,80,144
floor1_memosize,80,144
oggpack_eop,80,140
err_token,80,138
jmp_patch,80,138
_x25519_* (library),80,222
_glfwLibrary,80,61
_glfwWinAndroid,80,64
HttpSetTimeout,76,163
_glfwAndroidPlatformOnGainedFocus,76,158
dmMemAlloc(),76,154
glfwSetWindowIconifyCallback,76,153
glfwSetWindowCloseCallback,76,151
glfwSetWindowFocusCallback,76,151
HttpSetResponseCallback,76,148
ContextRegistryCreate,76,146
glfwAndroidBeginFrame,76,146
androidDestroyWindow,76,145
glfwSetWindowTitle,76,143
glfwSwapInterval,76,141
Particle_Update,76,140
glfwPollEvents,76,139
meth_getstats,76,138
meth_setstats,76,138
ov_seekable,76,136
_mutex_* (library),76,215
LZ4_uncompress,75,138
ov_streams,75,134
Particle_Hash,74,136
ResourceProviderZip,72,164
btConstraintSolver,72,282
_unexpected_* (library),72,156
JNIDetachCurrentThreadIfNeeded,72,151
ExtensionAppParamsInitialize,72,149
ExtensionParamsInitialize,72,146
GraphicsAdapterOpenGLES,72,144
ResourceProviderArchive,72,144
dmFixedMemAlloc(),72,144
GraphicsAdapterVulkan,72,142
ResourceTypeGuiScript,72,142
ResourceProviderFile,72,141
ResourceTypeLight,72,138
ResourceTypeFont,72,137
ResourceTypeOpus,72,137
btDiscreteCollisionDetectorInterface,72,267
ResourceTypeOgg,72,136
ResourceTypeWav,72,136
android_main,72,133
dmHttpDDF,72,354
io_strerror,72,132
io_tofile,72,130
dmProfiler,72,240
dmMemProfile,72,229
_glfwAndroidPlatformAcquireAuxContext,68,154
_glfwAndroidPlatformQueryAuxContext,68,152
_glfwPlatformSetWindowSize,68,143
FontCollectionCreate(),68,142
ResourceTypeAnimationSet,68,141
_glfwPlatformCloseWindow,68,141
_glfwPlatformSwapBuffers,68,141
ComponentTypeParticleFX,68,140
ResourceTypeCollection,68,139
ResourceTypeGameObject,68,139
ResourceTypeParticleFX,68,139
_glfwGetAndroidCmdName,68,139
ComponentTypeTileMap,68,137
ResourceTypeTileMap,68,136
socket_hoststrerror,68,136
ComponentTypeLight,68,135
ComponentTypeSound,68,135
ResourceTypeScript,68,135
ComponentTypeMesh,68,134
ComponentTypeGui,68,133
ResourceTypeAnim,68,133
stbi__bmask,68,133
ResourceTypeGui,68,132
ResourceTypeLua,68,132
inet_optfamily,68,131
glfwTerminate,68,130
timeout_open,68,129
buffer_init,68,128
except_open,68,128
glfw_atexit,68,128
mz_bitmasks,68,128
FontGlyphGenParams,64,192
FontTrueTypeGetVerticalMetrics(),64,170
dmFixedMemAllocatorInit(),64,165
_glfwAndroidPlatformUnacquireAuxContext,64,152
dmEngineDDF,64,277
FontSDFFree(),64,146
ExtensionAppParamsFinalize,64,139
ExtensionParamsFinalize,64,136
dmModelDDF,64,270
JNIDetachCurrentThread,64,135
_glfwClearWindowHints,64,134
dmGuiDDF,64,254
dmLiveUpdateDDF,64,266
ComponentTypeScript,64,132
ComponentTypeAnim,64,130
stbi__jbias,64,129
_no_* (library),64,127
global_protect,64,127
reader_string,64,126
cpfinalize,64,123
rescale_e,64,122
_bad_* (library),64,198
MLOOP_1,64,96
MLOOP_2,64,96
g_AppCommands,64,62
TextLayoutGetGlyphCount(),60,149
FontFreeGlyphOutline(),60,147
ResourceTypeReset(),60,145
glfwGetJoystickDeviceId,60,132
glfwGetJoystickParam,60,129
HttpDeleteRequest,60,126
socket_open,60,120
lex_check,60,118
cp_check,60,117
atexit,60,91
FreeGlyphTTF(),56,139
GBGetResourceSize(),56,133
CompareCrossings(),56,132
btAlignedFreeDefault(),56,132
_glfwSetMarkedText,56,123
_error_* (library),56,116
cpgrowstack,56,116
strfmt_map,56,115
writer_buf,56,115
gcm_incr,56,113
ResourceChunkCacheCanFit(),52,151
FontTrueTypeGetScaleFromSize(),52,149
TextLayoutGetBounds(),52,142
btAlignedFreeInternal(),52,128
_glfwPlatformIconifyWindow,52,127
HttpResponseGetBytesTotal,52,126
_entries_* (library),52,118
inet_trycreate,52,115
global_unload,52,114
b2Alloc(),52,112
expr_toval,52,111
zip_open,52,109
_atexit_* (library),52,101
_preset_* (library),50,427
_glfwAndroidPlatformSetPendingResizeBecauseOfInsets,48,148
FontCollectionGetFontCount(),48,144
ResourceTypeIsStreaming(),48,139
TextLayoutGetLineCount(),48,136
_glfwAndroidPlatformOnResize,48,125
GetDescentTTF(),48,122
GetLineGapTTF(),48,122
GetAscentTTF(),48,121
JobSystemGetWorkerCount,48,120
glfwAndroidWindowOpened,48,120
_ccm_* (library),48,120
_clang_* (library),48,119
dmStrCaseCmp(),48,119
glfwGetMouseLocked,48,115
_id_* (library),48,115
buffer_isempty,48,111
_fseek64_* (library),48,110
secp384r1_gx,48,109
secp384r1_gy,48,109
secp384r1_b,48,108
secp384r1_n,48,108
secp384r1_p,48,108
err_syntax,48,107
cp_err,48,103
_row_* (library),45,191
btOverlappingPairCache,44,204
ExtensionAppParamsGetContextRegistry,44,129
ExtensionAppParamsSetContextRegistry,44,129
ExtensionParamsGetContextRegistry,44,126
ExtensionParamsSetContextRegistry,44,126
_glfwAndroidPlatformDestroyWindow,44,126
FontGetScaleFromSize(),44,124
HttpResponseGetBytesReceived,44,121
btAlignedAllocInternal(),44,121
HttpResponseGetDocumentSize,44,120
HttpDeleteServiceInternal,44,118
HttpResponseGetHeaderSize,44,118
HttpResponseGetRangeStart,44,118
HttpResponseGetStatusCode,44,118
GBFontDestroy(),44,117
GBGetDescent(),44,117
HttpResponseGetBytesSent,44,117
GBGetAscent(),44,116
HttpResponseGetDataSize,44,116
HttpResponseGetRangeEnd,44,116
HttpResponseGetHeader,44,114
HttpResponseGetEvent,44,113
AudioDecoderTremolo,44,112
HttpResponseGetData,44,112
HttpResponseGetPath,44,112
DefaultSoundDevice,44,111
HttpResponseGetURL,44,111
AudioDecoderWav,44,108
dmLogSetLevel,44,106
timeout_init,44,105
__udivti3,44,102
io_init,44,100
_dec_* (library),44,90
FontGetGlyphByIndex(),40,149
ResourceDescriptorSetPrevResource(),40,149
ResourceDescriptorSetResourceSize(),40,148
ResourceDescriptorGetPrevResource(),40,147
ResourceDescriptorSetResource(),40,145
ResourceDescriptorGetNameHash(),40,143
ResourceDescriptorGetResource(),40,143
FontTrueTypeGetOutlineType(),40,134
ResourceTypeGetPreloadSize(),40,134
ProfileRegisterPropertyF32(),40,133
ProfileRegisterPropertyGroup(),40,133
ProfileRegisterPropertyU32(),40,133
ResourceTypeSetStreaming(),40,133
ResourceTypeGetNameHash(),40,131
ResourceTypeGetContext(),40,130
TextLayoutGetGlyphs(),40,125
TextLayoutGetLines(),40,124
FontFreeGlyph(),40,123
_glfwPlatformGetDefaultFramebuffer,40,123
_glfwPlatformGetDisplayScaleFactor,40,123
GBFreeGlyph(),40,122
GetScaleFromSizeTTF(),40,120
_glfwPlatformExtensionSupported,40,120
GBGetScaleFromSize(),40,119
FontGetResourceSize(),40,118
FontGetGlyphIndex(),40,117
GetGlyphIndexTTF(),40,117
GetResourceSizeTTF(),40,117
glfwSetDeviceChangedCallback,40,117
FontGetLayoutType(),40,116
ProfileSetThreadName(),40,116
ProfileScopeBegin(),40,115
FontGetDescent(),40,114
ProfileIsInitialized(),40,114
FontGetAscent(),40,113
GBGetLineGap(),40,113
ProfileScopeEnd(),40,112
ProfileFrameBegin(),40,111
ProfileFrameEnd(),40,109
chachapoly_info,40,104
auxiliar_open,40,102
chacha20_info,40,102
socket_close,40,101
buffer_open,40,100
do_nothing,40,99
round_constants,40,64
_glfwThrd,40,58
g_Window,40,57
emutls_mutex,40,37
_ZTSPKDh,38,95
_ZTSPKDi,38,95
_ZTSPKDn,38,95
_ZTSPKDs,38,95
_ZTSPKDu,38,95
_ZN12dmGameObject17HandleGoSetResultEP9lua_* (library),36,218
btInternalTriangleIndexCallback,36,190
btTriangleCallback,36,164
TextLayoutCreate(),36,160
btDispatcher,36,152
_glfwPlatformAcquireAuxContext,36,139
btNodeOverlapCallback,36,139
btCollisionAlgorithmCreateFunc,36,124
btConvexPenetrationDepthSolver,36,124
_glfwPlatformSetWindowBackgroundColor,36,122
ProfilePropertyAddF32(),36,118
_glfwPlatformGetWindowRefreshRate,36,118
btBroadphaseAabbCallback,36,118
_glfwPlatformRefreshWindowParams,36,117
_glfwPlatformUnacquireAuxContext,36,117
btEnterProfileZoneDefault(),36,117
_glfwPlatformDisableSystemKeys,36,115
_glfwPlatformSetMouseCursorPos,36,115
btLeaveProfileZoneDefault(),36,115
_glfwPlatformEnableSystemKeys,36,114
_glfwPlatformHideMouseCursor,36,113
_glfwPlatformQueryAuxContext,36,113
_glfwPlatformShowMouseCursor,36,113
glfwSetWindowBackgroundColor,36,113
ProfilePropertyAddU32(),36,112
ProfilePropertySetU32(),36,112
_glfwPlatformGetProcAddress,36,112
_glfwPlatformSetWindowTitle,36,112
b2RayCastCallback,36,111
btOverlapCallback,36,111
_glfwPlatformSetWindowPos,36,110
_glfwPlatformSwapInterval,36,110
glfwGetDefaultFramebuffer,36,110
glfwGetDisplayScaleFactor,36,110
glfwAndroidVerifySurface,36,109
dmFixedMemFree(),36,108
glfwUnacquireAuxContext,36,108
AppDestroy(),36,107
ProfileInitialize(),36,107
btMotionState,36,107
glfwAcquireAuxContext,36,106
AppCreate(),36,105
ProfileFinalize(),36,105
btFreeDefault(),36,105
glfwGetAcceleration,36,104
glfwQueryAuxContext,36,104
glfwResetKeyboard,36,102
glfwShowKeyboard,36,101
b2Shape,36,100
_mcode_* (library),36,98
ProfilerExt,36,96
b2Free(),36,96
app_dummy,36,94
main,36,94
_ZTSPDh,36,92
_ZTSPDi,36,92
_ZTSPDn,36,92
_ZTSPDs,36,92
_ZTSPDu,36,92
gerrno,35,86
_ZTSDu,34,113
_ZTSDh,34,89
_ZTSDi,34,89
_ZTSDn,34,89
_ZTSDs,34,89
dmInputDDF,32,134
dmParticleDDF,32,129
dmBufferDDF,32,127
dmResourceDDF,32,124
dmSoundDDF,32,124
gCalculateCombinedContactStiffnessCallback,32,123
gCalculateCombinedSpinningFrictionCallback,32,123
gCalculateCombinedRollingFrictionCallback,32,122
dmLuaDDF,32,121
gCalculateCombinedContactDampingCallback,32,121
gCalculateCombinedRestitutionCallback,32,118
gCalculateCombinedFrictionCallback,32,115
sAlignedAllocFunc,32,103
sAlignedFreeFunc,32,102
bts_enterFunc,32,99
bts_leaveFunc,32,99
b2_defaultFilter,32,97
_class_* (library),32,96
sAllocFunc,32,96
sFreeFunc,32,94
secp256r1_gx,32,93
secp256r1_gy,32,93
memset_func,32,92
secp256r1_b,32,92
secp256r1_n,32,92
secp256r1_p,32,92
inc32table,32,91
cause,32,90
last4,32,86
b2_defaultListener,32,75
dec64table,32,67
[section .note.gnu.build-id],32,32
priority,30,87
_tls12_* (library),26,189
_ZN10dmGraphicsL17GetExtProcAddressEPKcS1_* (library),24,278
g_SoundManager,24,63
_CONTEXT_* (library),21,165
reltable.hookf,20,59
_frame_* (library),20,20
stbi__compute_huffman_codes(),19,132
rmtp_GuiDynamicTexturesSizeMb(),16,190
rmtp_GuiActiveAnimations(),16,180
rmtp_GuiDynamicTextures(),16,178
rmtp_GuiStaticTextures(),16,176
rmtp_CollisionObjectBullet3D(),16,174
rmtp_CollectionProxyEnabled(),16,172
rmtp_CollectionProxyLoaded(),16,170
rmtp_GuiActiveNodes(),16,170
rmtp_ParticleVertexSizeGPU(),16,170
bitrev,16,169
rmtp_CollisionObjectBox2D(),16,168
rmtp_GuiAnimations(),16,168
rmtp_GuiParticlefx(),16,168
rmtp_ParticleVertexCount(),16,166
rmtp_RenderDispatchCount(),16,166
rmtp_FontCharacterCount(),16,164
rmtp_GOInstances(),16,164
rmtp_GuiTextures(),16,164
rmtp_ParticleVertexSize(),16,164
rmtp_TilemapVertexCount(),16,164
rmtp_ParticlesAlive(),16,163
rmtp_CollectionFactory(),16,162
rmtp_ComponentsAnim(),16,162
rmtp_SpriteVertexCount(),16,162
rmtp_TilemapVertexSize(),16,162
rmtp_GODeleted(),16,160
rmtp_ModelVertexCount(),16,160
rmtp_SpriteVertexSize(),16,160
rmtp_TilemapTileCount(),16,160
rmtp_GuiNodes(),16,158
rmtp_MeshVertexCount(),16,158
rmtp_ModelIndexCount(),16,158
rmtp_ModelVertexSize(),16,158
rmtp_SpriteIndexSize(),16,158
rmtp_FontVertexSize(),16,156
rmtp_GuiVertexCount(),16,156
rmtp_MeshVertexSize(),16,156
rmtp_LuaRefs(),16,154
rmtp_LuaMem(),16,152
rmtp_SoundPlaying(),16,152
rmtp_Resource(),16,150
rmtp_ScriptCount(),16,150
rmtp_TimerCount(),16,148
rmtp_Messages(),16,144
rmtp_Factory(),16,142
rmtp_Camera(),16,140
rmtp_Label(),16,138
g_FirstExtension,16,135
_DispatchCalls_* (library),16,122
_Script_* (library),16,121
_GameObject_* (library),16,119
_DrawCalls_* (library),16,118
inet_optfamily.optvalue,16,88
_part_* (library),16,85
ADJUST_SQRT2,16,77
quant_look,16,75
_vec3_* (library),16,69
_supported_* (library),16,69
[section .fini_array],16,16
_init_* (library),13,170
_input_* (library),12,189
b2_version,12,71
stbi__process_marker(),11,153
g_AndroidCommandLineProgramName,11,91
_depth_* (library),9,86
_dso_* (library),8,117
stbi__check_png_header(),8,110
_ZN12dmGameObjectL23g_* (library),8,101
_ZN12dmGameSystemL25g_* (library),8,97
_ZN8dmRenderL26g_* (library),8,93
vkGetPhysicalDeviceSurfaceCapabilitiesKHR,8,90
vkGetPhysicalDeviceSurfacePresentModesKHR,8,90
vkGetPhysicalDeviceQueueFamilyProperties,8,89
gCompoundCompoundChildShapePairCallback,8,88
vkEnumerateInstanceExtensionProperties,8,87
vkEnumerateDeviceExtensionProperties,8,85
vkGetPhysicalDeviceSurfaceFormatsKHR,8,85
vkGetPhysicalDeviceSurfaceSupportKHR,8,85
vkGetPhysicalDeviceFormatProperties,8,84
vkGetPhysicalDeviceMemoryProperties,8,84
vkEnumerateInstanceLayerProperties,8,83
vkEnumerateDeviceLayerProperties,8,81
gCompoundChildShapePairCallback,8,80
g_ResourceTypeCreatorDescFirst,8,79
vkInvalidateMappedMemoryRanges,8,79
vkGetBufferMemoryRequirements,8,78
vkGetPhysicalDeviceProperties,8,78
vkDestroyDescriptorSetLayout,8,77
vkGetImageMemoryRequirements,8,77
vkGetPhysicalDeviceFeatures2,8,77
_sha224_* (library),8,76
_sha256_* (library),8,76
_sha384_* (library),8,76
_sha512_* (library),8,76
vkCreateDescriptorSetLayout,8,76
vkGetImageSubresourceLayout,8,76
vkGetPhysicalDeviceFeatures,8,76
_h2l_* (library),8,150
vkEnumeratePhysicalDevices,8,75
gContactDestroyedCallback,8,74
gContactProcessedCallback,8,74
_sha1_* (library),8,74
vkCmdCopyQueryPoolResults,8,74
vkCreateAndroidSurfaceKHR,8,74
vkCreateGraphicsPipelines,8,74
vkFlushMappedMemoryRanges,8,74
_md5_* (library),8,73
_l2h_* (library),8,146
vkAllocateCommandBuffers,8,73
vkAllocateDescriptorSets,8,73
vkCmdDrawIndexedIndirect,8,73
vkCreateComputePipelines,8,73
gContactStartedCallback,8,72
g_CurrentExtension,8,72
vkCmdBindDescriptorSets,8,72
vkDestroyDescriptorPool,8,72
vkDestroyPipelineLayout,8,72
vkGetSwapchainImagesKHR,8,72
vkCmdBindVertexBuffers,8,71
vkCmdCopyBufferToImage,8,71
vkCmdCopyImageToBuffer,8,71
vkCreateDescriptorPool,8,71
vkCreatePipelineLayout,8,71
vkDestroyPipelineCache,8,71
vkUpdateDescriptorSets,8,71
gContactAddedCallback,8,70
gContactEndedCallback,8,70
g_MouseEmulationTouch,8,70
vkAcquireNextImageKHR,8,70
vkCmdClearAttachments,8,70
vkCreatePipelineCache,8,70
vkDestroyShaderModule,8,70
vkDestroySwapchainKHR,8,70
vkGetInstanceProcAddr,8,70
vkGetQueryPoolResults,8,70
vkResetDescriptorPool,8,70
_probe.hint_* (library),8,69
vkBeginCommandBuffer,8,69
vkCmdBeginRenderPass,8,69
vkCmdBindIndexBuffer,8,69
vkCmdClearColorImage,8,69
vkCmdExecuteCommands,8,69
vkCmdPipelineBarrier,8,69
vkCreateShaderModule,8,69
vkCreateSwapchainKHR,8,69
vkDestroyCommandPool,8,69
vkDestroyFramebuffer,8,69
vkFreeCommandBuffers,8,69
vkFreeDescriptorSets,8,69
vkResetCommandBuffer,8,69
b2Vec2_zero,8,68
vkCmdResetQueryPool,8,68
vkCreateCommandPool,8,68
vkCreateFramebuffer,8,68
vkDestroyRenderPass,8,68
vkDestroySurfaceKHR,8,68
vkGetDeviceProcAddr,8,68
_broadcast_* (library),8,67
g_sensorEventQueue,8,67
_Render_* (library),8,67
vkBindBufferMemory,8,67
vkCmdEndRenderPass,8,67
vkCmdPushConstants,8,67
vkCreateRenderPass,8,67
vkDestroyImageView,8,67
vkDestroyQueryPool,8,67
vkDestroySemaphore,8,67
vkEndCommandBuffer,8,67
vkBindImageMemory,8,66
vkCmdBindPipeline,8,66
vkCmdDrawIndirect,8,66
vkCmdSetDepthBias,8,66
vkCmdSetLineWidth,8,66
vkCreateImageView,8,66
vkCreateQueryPool,8,66
vkCreateSemaphore,8,66
vkDestroyInstance,8,66
vkDestroyPipeline,8,66
vkQueuePresentKHR,8,66
_destroy_* (library),8,65
g_AppInputEvents,8,65
_empty_* (library),8,65
vkAllocateMemory,8,65
vkCmdDrawIndexed,8,65
vkCmdNextSubpass,8,65
vkCmdSetViewport,8,65
vkCreateInstance,8,65
vkDestroySampler,8,65
vkDeviceWaitIdle,8,65
vkGetDeviceQueue,8,65
vkGetFenceStatus,8,65
MLOOP_3,8,64
_signal_* (library),8,64
g_accelerometer,8,64
mpi_one,8,64
_Gui_* (library),8,64
vkCmdBeginQuery,8,64
vkCmdCopyBuffer,8,64
vkCmdSetScissor,8,64
vkCreateSampler,8,64
vkDestroyBuffer,8,64
vkDestroyDevice,8,64
vkQueueWaitIdle,8,64
vkWaitForFences,8,64
vkCmdBlitImage,8,63
vkCmdCopyImage,8,63
vkCreateBuffer,8,63
vkCreateDevice,8,63
vkDestroyFence,8,63
vkDestroyImage,8,63
_wait_* (library),8,62
g_AndroidArgv,8,62
vkCmdDispatch,8,62
vkCmdEndQuery,8,62
vkCreateFence,8,62
vkCreateImage,8,62
vkQueueSubmit,8,62
vkResetFences,8,62
vkUnmapMemory,8,62
g_AndroidApp,8,61
g_MainThread,8,61
vkFreeMemory,8,61
vkMapMemory,8,60
json_array,8,59
vkCmdDraw,8,58
_num_* (library),8,42
_FRAME_* (library),4,15458
_vertically_* (library),4,90
_unpremultiply_* (library),4,88
gGjkEpaPenetrationTolerance,4,80
_custom_* (library),4,78
gContactBreakingThreshold,4,78
b2velocityThresholdOverride,4,76
gNumSplitImpulseRecoveries,4,75
gActualSATPairTests,4,73
g_SpecialKeyActive,4,71
gDeactivationTime,4,70
gNumClampedCcdMotions,4,70
g_MaxAppInputEvents,4,68
g_NumAppInputEvents,4,68
g_autoCloseKeyboard,4,68
_glfwInitialized,4,65
gExpectedNbTests,4,65
g_KeyboardActive,4,65
g_ListenersCount,4,65
g_NumAppCommands,4,65
debug_threshold,4,64
gDbvtMargin,4,64
gActualNbTests,4,63
g_AndroidArgc,4,62
uniqueId,4,61
b2_gjkCalls,4,60
b2_toiCalls,4,60
g_EventLock,4,60
b2_toiMaxRootIters,4,43
_pthread_* (library),4,43
b2_toiRootIters,4,40
b2_gjkMaxIters,4,39
b2_toiMaxIters,4,39
b2_gjkIters,4,36
b2_toiIters,4,36
stbi__process_frame_header(),3,103
g_PendingResizeBecauseOfInsets,1,79
gContactCalcArea3Points,1,73
g_accelerometerEnabled,1,71
_decimal_* (library),1,70
gDisableDeactivation,1,69
gUseInternalObject,1,68
g_PendingResize,1,64
supported_init,1,63
g_AppResumed,1,61
disableCcd,1,59
[section .debug_info],0,7637013
[section .debug_loc],0,7279207
[section .debug_line],0,3008264
[section .debug_ranges],0,2493920
[section .debug_str],0,2300864
[section .debug_abbrev],0,513091
[section .symtab],0,95952
[section .strtab],0,17263
[ELF Headers],0,2240
[section .shstrtab],0,374
[section .comment],0,348
[section .debug_frame],0,120
[Unmapped],0,11
